index,path
index.html%3Fp=15.html,researchers/index.html
index.html%3Fp=17.html,research/index.html
index.html%3Fp=22.html,resources/index.html
index.html%3Fp=28.html,digital-archaeology/index.html
index.html%3Fp=31.html,media/index.html
index.html?p=34.html,sponsors/index.html
index.html?p=73.html,gpr/index.html
index.html?p=75.html,gradiometry/index.html
index.html?p=77.html,electrical-resistivity/index.html
index.html?p=79.html,uav-mapping/index.html
index.html?p=81.html,total-station-mapping/index.html
index.html?p=83.html,history/index.html
index.html?p=85.html,culture/index.html
index.html?p=87.html,chronology/index.html
index.html?p=155.html,reportspublications/index.html
index.html?p=157.html,3d-models/index.html
index.html?p=161.html,links/index.html
index.html?p=171.html,research-news/index.html
index.html?p=249.html,videos/index.html
index.html?p=369.html,team/index.html
index.html?p=1246.html,digital-archaeology/3d-printing/index.html
index.html?p=2019.html,digital-archaeology/3d-printing/aeb_3d_print_bld_l_system_m/index.html
index.html?p=2020.html,digital-archaeology/3d-printing/bld_j_6/index.html
index.html?p=2021.html,digital-archaeology/3d-printing/ma_ballcourt/index.html
index.html?p=2022.html,digital-archaeology/3d-printing/main_plaza_in-_9_parts/index.html
index.html?p=12344.html,es/impresion-3d/index.html
index.html?p=12470.html,es/cronologia/index.html
index.html?p=12476.html,es/equipo/index.html
index.html?p=12478.html,es/investigaciones/index.html
index.html?p=12480.html,es/recursos/index.html
index.html?p=12482.html,es/arqueologia-digital/index.html
index.html?p=12484.html,es/mediatico/index.html
index.html?p=12488.html,es/investigadores/index.html
index.html?p=12490.html,es/patrocinadores/index.html
index.html?p=12492.html,es/georadar/index.html
index.html?p=12494.html,es/gradiometria/index.html
index.html?p=12496.html,es/resistividad-electrica/index.html
index.html?p=12498.html,es/mapeo-con-vant/index.html
index.html?p=12500.html,es/mapeo-con-estacion-total/index.html
index.html?p=12502.html,es/ponencias-publicaciones
index.html?p=12504.html,es/historia/index.html
index.html?p=12506.html,es/cultura/index.html
index.html?p=12510.html,es/enlaces/index.html
index.html?p=12512.html,es/modelos-3d/index.html
index.html?p=12514.html,es/videos-2/index.html
index.html?p=12518.html,es/impresion-3d-2/index.html
index.html?p=12520.html,es/investigaciones-en-las-noticias/index.html
index.html?p=12711.html,es/realidad-virtual/index.html
index.html?p=12713.html,es/realidad-aumentada/index.html
index.html?p=12769.html,es/monte-alban-news-archive/index.html
index.html?p=12772.html,es/archivo-de-noticias-de-monte-alban/index.html
index.html?p=12842.html,virtual-reality-2/index.html
index.html?p=12844.html,augmented-reality-2/index.html